{
  "address": "1st Ave & Seneca St",
  "pts": [
    [
      47.60621664771064,
      -122.3377667353956
    ],
    [
      47.60772011940337,
      -122.33912694943842
    ],
    [
      47.60778087117011,
      -122.3389499209841
    ],
    [
      47.60629237407901,
      -122.33759043941919
    ]
  ],
  "2dpts": [
    [
      703,
      928
    ],
    [
      827,
      350
    ],
    [
      958,
      346
    ],
    [
      1727,
      884
    ]
  ]
}